/stores/lenskart-com-vizianagaram-krishnarajapuram-vizianagaram-868774/Home,/stores/optometrist-sunglasses-ramnagar-visakhapatnam-61143/Home,/stores/lenskart-com-kakinada-opposite-super-bazar-kakinada-424309/Home,/stores/lenskart-com-eluru-vijaya-vihar-centre-eluru-60677/Home,/stores/optometrist-sunglasses-shanthi-nagar-chittoor-61278/Home,/stores/lenskart-com-tadepalle-vijayawada-tadepalle-vijayawada-168473/Home,/stores/lenskart-com-gajuwaka-gajuwaka-visakhapatnam-560561/Home,/stores/lenskart-com-brodipet-brodipet-guntur-989277/Home,/stores/lenskart-com-nandyal-road-kurnool-sree-rajeswari-nagar-kurnool-691490/Home,/stores/lenskart-com-satyanarayanapuram-mutyalampadu-vijayawada-satyanarayanapuram-540326/Home,/stores/lenskart-com-gopalapatnam-visakhapatnam-gopalapatnam-visakhapatnam-584485/Home,/stores/lenskart-com-guru-nanak-colony-guru-nanak-colony-vijayawada-645232/Home,/stores/lenskart-com-vijayawada-patamata-vijayawada-748414/Home,/stores/lenskart-com-tenali-bose-road-tenali-40178/Home,/stores/lenskart-com-vv-mahal-road-bhavani-nagar-tirupati-693399/Home,/stores/optometrist-sunglasses-chandramouli-puram-vijayawada-61134/Home,/stores/optometrist-sunglasses-butchirajupalem-nad-junction-visakhapatnam-61140/Home,/stores/lenskart-com-seetarapuram-elur-road-vijayawada-700721/Home,/stores/optometrist-sunglasses-r-s-road-kurnool-61150/Home,/stores/optometrist-sunglasses-tilak-road-east-godavari-61151/Home,/stores/lenskart-com-gt-road-vrc-centre-grand-trunk-road-nellore-417824/Home,/stores/lenskart-com-vizag-seethammadara-seethammadara-visakhapatnam-24718/Home,/stores/lenskart-com-guntur-kothapet-guntur-564086/Home,/stores/lenskart-com-madanapalle-annamayya-madanapalle-197654/Home,/stores/lenskart-com-vedayapalam-vedayapalem-nellore-252614/Home,/stores/lenskart-com-mahanadu-road-mahanadu-road-vijayawada-675208/Home,/stores/lenskart-com-ongole-kurnool-road-ongole-790000/Home,/stores/optometrist-sunglasses-sector-6-visakhapatnam-61187/Home,/stores/optometrist-sunglasses-lakshmipuram-guntur-61206/Home,/stores/lenskart-com-daba-gardens-daba-gardens-vizag-269845/Home,/stores/lenskart-com-kavali-kavali-kavali-40208/Home,/stores/lenskart-com-rajahmundry-danavaipet-rajahmundry-83231/Home,/stores/lenskart-com-kadapa-rajiv-park-road-kadapa-791524/Home,/stores/lenskart-com-dargamitta-dargamitta-nellore-239683/Home,/stores/lenskart-com-ramavarapadu-ramavarapadu-vijayawada-153731/Home,/stores/optometrist-sunglasses-srikamtam-circle-ananthapur-61237/Home,/stores/lenskart-com-vijayawada-bhavanipuram-vijayawada-197223/Home,/stores/lenskart-com-bhimavaram-j-p-road-bhimavaram-373905/Home,/stores/lenskart-com-proddatur-gandhi-road-proddatur-832356/Home,/stores/lenskart-com-kurmannapalem-kurmanna-palem-visakhapatnam-138943/Home,/stores/lenskart-com-dwarka-nagar-high-street-visakhapatnam-811277/Home,/stores/lenskart-com-maddilapalem-maddilapalem-visakhapatnam-480855/Home,/stores/lenskart-com-marripalem-kancharapalem-visakhapatnam-218136/Home,/stores/lenskart-com-rajahmundry-janda-panja-road-rajahmundry-423138/Home,/stores/lenskart-com-sujathanagar-ratnagiri-nagar-greater-visakhapatnam-7447/Home,/stores/lenskart-com-gujjanagulla-gujjanagulla-guntur-352590/Home,/stores/lenskart-com-jagdamba-maddilapalem-jagdamba-visakhapatnam-532385/Home,/stores/lenskart-com-poranki-vijayawada-krishna-district-vijayawada-658678/Home,/stores/lenskart-com-anakapalle-anakapalle-anakapalle-995009/Home,/stores/optometrists-lalitha-nagar-kakinada-68120/Home,/stores/lenskart-com-mvp-double-road-mvp-double-road-mvp-colony-visakhapatnam-449613/Home,/stores/lenskart-com-adoni-kurnool-district-adoni-243897/Home,/stores/lenskart-com-eluru-road-vijayawada-eluru-road-vijayawada-495648/Home,/stores/lenskart-com-ttd-road-nandyal-srinivasa-nagar-nandyal-726691/Home
/stores//Home
/stores/lenskart-com-naharlagun-sector-a-naharlagun-564074/Home
/stores/lenskart-com-baihata-chariali-guwahati-road-baihata-chariali-146274/Home,/stores/lenskart-com-dr.-b-baruah-road-ulubari-guwahati-34570/Home,/stores/lenskart-com-kokrajhar-sankar-baruah-kokrajhar-461830/Home,/stores/lenskart-com-lalganesh-kalapahar-guwahati-304055/Home,/stores/lenskart-com-ulubari-ulubari-lachit-nagar-guwahati-934902/Home,/stores/lenskart-com-rehabari-guwahati-rehabari-guwahati-706487/Home,/stores/lenskart-com-tinsukia-rangagora-road-tinsukia-870378/Home,/stores/lenskart-com-asisan-palace-bhanaghar-guwahati-629213/Home,/stores/lenskart-com-dibrugarh-mancotta-road-dibrugarh-621657/Home,/stores/lenskart-com-at-road-jorhat-at-road-jorhat-112965/Home,/stores/lenskart-com-silpukhuri-guwahati-silpukhuri-guwahati-401413/Home,/stores/lenskart-com-zoo-road-spanish-garden-guwahati-442615/Home,/stores/lenskart-com-tezpur-tezpur-tezpur-44332/Home,/stores/lenskart-com-maligaon-chariali-chariali-guwahati-463599/Home,/stores/lenskart-com-chapaguri-chapaguri-bongaigaon-245598/Home,/stores/lenskart-com-central-mall-g-s-road-guwahati-708769/Home,/stores/optometrist-sunglasses-marwaripatty-nagaon-61170/Home,/stores/lenskart-com-bamunimaidan-bamunimaidan-guwahati-53553/Home,/stores/lenskart-com-rangia-kamrup-guwahati-882715/Home,/stores/lenskart-com-tezpur-mahidhar-borah-road-tezpur-155623/Home,/stores/lenskart-com-silchar-ranghirkhari-silchar-364900/Home,/stores/lenskart-com-ncs-adabari-adabari-guwahati-17349/Home,/stores/lenskart-com-duliajan-duliajan-dibrugarh-483112/Home,/stores/lenskart-com-at-road-sivasagar-at-road-sivasagar-542173/Home,/stores/lenskart-com-nalbari-barama-road-nalbari-221845/Home,/stores/lenskart-com-jorhat-jorhat-jorhat-928584/Home,/stores/lenskart-city-center-mall-optometrists-christian-basti-guwahati-69090/Home,/stores/lenskart-com-hatigaon-hatigaon-guwahati-529997/Home,/stores/optometrist-sunglasses-dispur-guwahati-61229/Home
/stores/lenskart-com-khagaul-road-anisabad-patna-867150/Home,/stores/lenskart-com-gola-road-pargana-phulwari-patna-282529/Home,/stores/lenskart-com-ashok-rajpath-ashok-rajpath-patna-746792/Home,/stores/lenskart-com-jamui-kachari-road-jamui-642529/Home,/stores/lenskart-com-bettiah-banuchapar-bettiah-506582/Home,/stores/lenskart-com-kurji-road-kurji-road-patna-179937/Home,/stores/optometrist-sunglasses-west-boring-canal-road-patna-61294/Home,/stores/lenskart-com-samastipur-mohanpur-samastipur-339810/Home,/stores/lenskart-com-kumhrar-park-sandalpur-patna-sandalpur-patna-686147/Home,/stores/optometrist-sunglasses-dak-banglow-patna-61115/Home,/stores/lenskart-com-laheriasarai-laheriasarai-darbhanga-801456/Home,/stores/optometrist-sunglasses-kankarbagh-patna-61145/Home,/stores/lenskart-com-ashiana-ashiana-dighar-road-patna-372058/Home,/stores/lenskart-com-saguna-more-saguna-more-khagaul-road-patna-949000/Home,/stores/lenskart-com-gaya-bihar-gb-road-gaya-397839/Home,/stores/lenskart-com-arrah-katira-more-arrah-arrah-329700/Home,/stores/lenskart-com-hajipur-cinema-road-hajipur-hajipur-26531/Home,/stores/optometrist-sunglasses-rn-shaw-chowk-purnia-61205/Home,/stores/lenskart-com-sampatchak-sampatchak-patna-340981/Home,/stores/optometrist-sunglasses-nala-road-patna-61226/Home,/stores/lenskart-com-rajeev-nagar-rajeev-nagar-patna-14051/Home,/stores/optometrist-sunglasses-raja-bazar-patna-61235/Home,/stores/lenskart-com-motihari-chhatauni-champaran-248321/Home,/stores/optometrist-sunglasses-ramna-muzaffarpur-61255/Home,/stores/lenskart-com-buxar-thatheri-bazar-buxar-703587/Home,/stores/optometrist-sunglasses-khaliphabag-chowk-bhagalpur-63459/Home,/stores/lenskart-com-anisabad-phulwarisharif-patna-758230/Home,/stores/lenskart-com-aurangabad-mg-road-aurangabad-532685/Home,/stores/lenskart-com-phulwarisharif-phulwarisharif-patna-151322/Home,/stores/lenskart-com-mirzapur-darbhanga-optometrists-mirzapur-darbhanga-72952/Home
/stores/lenskart-com-mudichur-mudichur-chennai-398362/Home,/stores/lenskart-com-nungambakkam-nungambakkam-chennai-102083/Home,/stores/optometrist-sunglasses-jawahar-nagar-chennai-60854/Home,/stores/optometrist-sunglasses-perumbakkam-kanchipuram-60855/Home,/stores/lenskart-com-100ft-bypass-road-velachery-velachery-chennai-429561/Home,/stores/lenskart-com-saligramam-vadapalani-chennai-920836/Home,/stores/lenskart-com-redhills-redhills-chennai-934324/Home,/stores/lenskart-com-nanganallur-nanganallur-chennai-557915/Home,/stores/lenskart-com-perambur-road-madavaram-madavaram-chennai-139797/Home,/stores/lenskart-com-selaiyur-selaiyur-chennai-518733/Home,/stores/lenskart-com-kandanchavadi-kandanchavadi-chennai-404484/Home,/stores/lenskart-com-kanathur-ecr-road-kanathur-804148/Home,/stores/optometrist-sunglasses-ashok-nagar-chennai-60886/Home,/stores/lenskart-com-urapakkam-urapakkam-chennai-733457/Home,/stores/optometrist-sunglasses-thiruvottiyur-tiruvallur-60889/Home,/stores/lenskart-com-velachery-100ft-road-velachery-chennai-801229/Home,/stores/lenskart-com-aminjikarai-aminjikarai-chennai-505786/Home,/stores/lenskart-com-singaperumal-koil-singaperumal-koil-chennai-691165/Home,/stores/optometrist-sunglasses-hyders-chennai-61296/Home,/stores/lenskart-com-tirumullaivoyal-thirumullaivoyal-chennai-627977/Home,/stores/optometrist-sunglasses-velachery-road-chennai-60895/Home,/stores/optometrist-sunglasses-rajakilpakkam-kanchipuram-60897/Home,/stores/lenskart-com-ambedkar-road-ashok-nagar-chennai-386944/Home,/stores/lenskart-com-avadi-nmk-avadi-chennai-81970/Home,/stores/lenskart-com-pallavaram-c-pallavaram-chennai-601507/Home,/stores/optometrist-sunglasses-navalur-kanchipuram-60905/Home,/stores/lenskart-com-besant-nagar-chennai-chennai-669211/Home,/stores/lenskart-com-mowlivakkam-moulivakkam-chennai-214583/Home,/stores/lenskart-com-madhanandapuram-madhanandapuram-chennai-117940/Home,/stores/lenskart-com-perungudi-perungudi-chennai-145318/Home,/stores/lenskart-com-karayanchavadi-optometrists-poonamalle-chennai-78379/Home,/stores/lenskart-com-mount-road-mount-road-chennai-769159/Home,/stores/lenskart-com-porur-arcot-road-porur-arcot-road-chennai-252265/Home,/stores/lenskart-com-kilpauk-kilpauk-chennai-588495/Home,/stores/optometrist-sunglasses-madipakkam-chennai-60924/Home,/stores/lenskart-com-200ft-radial-road-kancheepuram-chennai-310812/Home,/stores/optometrist-sunglasses-adyar-chennai-60925/Home,/stores/lenskart-com-porur-porur-junction-chennai-730395/Home,/stores/optometrist-sunglasses-valasaravakkam-tiruvallur-60926/Home,/stores/lenskart-com-oggiyamduraipakkam-optometrists-sai-nagar-kanchipuram-80970/Home,/stores/lenskart-com-madipakkam-kaiveli-chennai-34181/Home,/stores/lenskart-com-perambur-optometrists-perambur-chennai-80637/Home,/stores/optometrist-sunglasses-moggapair-west-tiruvallur-60933/Home,/stores/lenskart-com-kolathur-kolathur-chennai-241708/Home,/stores/optometrist-sunglasses-okkiyampettar-kanchipuram-60942/Home,/stores/lenskart-com-tambaram-tambaram-chennai-87749/Home,/stores/optometrist-sunglasses-west-mambalam-chennai-61152/Home,/stores/lenskart-com-saidapet-saidapet-chennai-661242/Home,/stores/lenskart-com-rk-mutt-road-mylapore-chennai-112487/Home,/stores/lenskart-com-keelkattalai-keelkattalai-chennai-664940/Home,/stores/lenskart-com-mkb-nagar-chennai-mkb-nagar-chennai-956429/Home,/stores/lenskart-com-hastinapuram-hastinapuram-chennai-665458/Home,/stores/lenskart-com-injambakkam-ecr-ecr-injambakkam-chennai-768168/Home,/stores/lenskart-com-chinmayanagar-chinmayanagar-chennai-778882/Home,/stores/lenskart-com-nelson-manickam-road-metha-nagar-chennai-661640/Home,/stores/lenskart-com-mmda-colony-arumbakkam-mmda-colony-arumbakkam-chennai-62416/Home,/stores/lenskart-com-adambakkam-adambakkam-chennai-691863/Home,/stores/lenskart-com-18th-main-road-anna-nagar-18th-main-road-chennai-884853/Home,/stores/optometrist-sunglasses-gst-road-kanchipuram-61000/Home,/stores/lenskart-com-tambaram-tambaram-chennai-762186/Home,/stores/lenskart-com-perungalathur-perungalathur-chennai-51790/Home,/stores/optometrist-sunglasses-anna-nagar-chennai-61016/Home,/stores/lenskart-com-kattupakkam-kattupakkam-chennai-625950/Home,/stores/lenskart-com-triplicane-triplicane-chennai-387317/Home,/stores/lenskart-com-adambakkam-adambakkam-chennai-51822/Home,/stores/lenskart-com-spartan-school-road-mogappair-east-chennai-452740/Home,/stores/lenskart-com-iyyappanthangal-iyyappanthangal-chennai-661262/Home,/stores/optometrist-sunglasses-egatoor-kanchipuram-61538/Home,/stores/lenskart-com-gowrivakkam-gowrivakkam-chennai-16464/Home,/stores/lenskart-com-ayanavaram-ayanavaram-chennai-504302/Home,/stores/lenskart-com-kundrathoor-kundrathur-chennai-104938/Home,/stores/lenskart-com-nerkundram-nerkundram-chennai-490416/Home,/stores/lenskart-com-villivakkam-villivakkam-chennai-307080/Home,/stores/lenskart-com-avadi-avadi-chennai-236606/Home,/stores/lenskart-com-redhills-road-ambattur-redhills-road-chennai-801332/Home,/stores/lenskart-com-medavakkam-medavakkam-chennai-409106/Home,/stores/lenskart-com-manali-manali-chennai-118191/Home,/stores/lenskart-com-ayapakkam-tiruvallur-district-chennai-736278/Home,/stores/lenskart-com-pallavaram-pallavaram-chennai-671057/Home,/stores/lenskart-com-aerohub-airport-mall-meenambakkam-chennai-862800/Home,/stores/optometrist-sunglasses-royapuram-chennai-61078/Home,/stores/optometrist-sunglasses-ambattur-chennai-61081/Home,/stores/optometrist-sunglasses-annanagar-east-chennai-61083/Home,/stores/lenskart-com-korattur-korattur-chennai-576129/Home,/stores/lenskart-com-vinayagapuram-vinayagapuram-chennai-415784/Home,/stores/lenskart-com-taramani-road-velachery-velachery-chennai-919556/Home,/stores/lenskart-forum-vijaya-mall-optometrists-vadapalani-chennai-69238/Home,/stores/lenskart-com-neelankarai-neelankarai-chennai-711824/Home,/stores/lenskart-com-pondy-bazzar-pondy-bazzar-chennai-252989/Home,/stores/lenskart-com-city-centre-mall-mylapore-mylapore-chennai-437451/Home,/stores/lenskart-com-maraimalai-nagar-maraimalai-nagar-chennai-738467/Home,/stores/optometrist-sunglasses-mylapore-chennai-61098/Home,/stores/lenskart-com-ecr-chennai-optometrists-thiruvanmiyur-chennai-74119/Home
/stores/lenskart-com-raigarh-laxmipur-raigarh-587341/Home,/stores/optometrist-sunglasses-supela-bhilai-61297/Home,/stores/lenskart-com-telibandha-telibandha-raipur-946457/Home,/stores/lenskart-com-korba-transport-nagar-korba-656353/Home,/stores/lenskart-com-new-rajendra-nagar-new-rajendra-nagar-raipur-482912/Home,/stores/lenskart-com-pandri-raipur-optometrists-pandri-raipur-80969/Home,/stores/lenskart-com-sarkanda-sarkanda-bilaspur-40041/Home,/stores/lenskart-com-rajnandgaon-anupam-nagar-rajnandgaon-950834/Home,/stores/lenskart-com-mungeli-naka-mungeli-naka-bilaspur-692659/Home,/stores/lenskart-com-katora-talab-civil-lines-road-raipur-172915/Home,/stores/optometrist-sunglasses-link-road-bilaspur-61180/Home,/stores/lenskart-com-ambikapur-deviganj-road-ambikapur-547765/Home,/stores/lenskart-com-bhilai-durg-bhilai-416336/Home,/stores/optometrist-sunglasses-mowa-raipur-61311/Home,/stores/lenskart-com-shankar-nagar-shankar-nagar-raipur-620607/Home
/stores/lenskart-com-silvassa-tokarkhada-silvassa-835599/Home
/stores/lenskart-com-chhatarpur-mehrauli-new-delhi-136896/Home,/stores/lenskart-com-jawahar-nagar-optometrists-jawahar-nagar-new-delhi-77003/Home,/stores/optometrist-sunglasses-paschim-vihar-new-delhi-60858/Home,/stores/optometrist-sunglasses-model-town-new-delhi-60859/Home,/stores/optometrist-sunglasses-old-rajendar-nagar-new-delhi-60860/Home,/stores/lenskart-com-geeta-colony-geeta-colony-delhi-183288/Home,/stores/lenskart-com-vasundhra-enclave-vasundhara-enclave-new-delhi-420102/Home,/stores/optometrist-sunglasses-dwarka-sector-6-new-delhi-60872/Home,/stores/optometrist-sunglasses-vikaspuri-new-delhi-60873/Home,/stores/optometrist-sunglasses-east-patel-nagar-new-delhi-60874/Home,/stores/optometrist-sunglasses-naraina-vihar-new-delhi-60875/Home,/stores/lenskart-com-sector-7-rohini-sector-7-rohini-new-delhi-838503/Home,/stores/lenskart-com-uttam-nagar-uttam-nagar-new-delhi-551705/Home,/stores/lenskart-com-amar-colony-amar-colony-new-delhi-96382/Home,/stores/lenskart-com-sector-17-rohini-rohini-delhi-649291/Home,/stores/lenskart-com-sda-market-sda-market-delhi-180064/Home,/stores/optometrist-sunglasses-rohini-sector-9-new-delhi-60896/Home,/stores/optometrist-sunglasses-kalkaji-new-delhi-60900/Home,/stores/optometrist-sunglasses-r-k-puram-sector-8-new-delhi-60901/Home,/stores/lenskart-com-kapashera-border-new-delhi-kapashera-border-new-delhi-748231/Home,/stores/optometrist-sunglasses-janakpuri-new-delhi-60902/Home,/stores/optometrist-sunglasses-katwaria-sarai-new-delhi-60903/Home,/stores/lenskart-com-durgapuri-shahdara-durgapuri-delhi-579233/Home,/stores/optometrist-sunglasses-vasant-kunj-new-delhi-60908/Home,/stores/optometrist-sunglasses-krishna-nagar-new-delhi-60909/Home,/stores/lenskart-com-narela-narela-delhi-573359/Home,/stores/lenskart-com-gk2-new-delhi-greater-kailash-2-new-delhi-824426/Home,/stores/optometrist-sunglasses-gtb-nagar-new-delhi-60918/Home,/stores/lenskart-com-pacific-mall-dwarka-optometrists-sector-21-dwarka-new-delhi-78382/Home,/stores/lenskart-com-tilak-nagar-optometrists-fateh-nagar-new-delhi-80971/Home,/stores/optometrist-sunglasses-sarita-vihar-new-delhi-60931/Home,/stores/lenskart-com-rohtas-nagar-shahdara-shahdara-delhi-275561/Home,/stores/lenskart-com-vegas-mall-dwarka-sector-14-dwarka-delhi-122812/Home,/stores/lenskart-com-lenskart.com-flagship-store-at-malviya-nagar-malviya-nagar-new-delhi-646569/Home,/stores/lenskart-com-tri-nagar-tri-nagar-delhi-865744/Home,/stores/lenskart-com-sector-15-rohini-sector-15-rohini-new-delhi-675604/Home,/stores/lenskart-com-west-patel-nagar-west-patel-nagar-new-delhi-504568/Home,/stores/lenskart-com-yusuf-sarai-yusuf-sarai-new-delhi-555275/Home,/stores/lenskart-com-cr-park-chittaranjan-park-new-delhi-594038/Home,/stores/lenskart-com-harsh-vihar-pitam-pura-pitam-pura-delhi-2459/Home,/stores/lenskart-com-shalimar-bagh-shalimar-bagh-new-delhi-938789/Home,/stores/lenskart-com-bhera-enclave-bhera-enclave-delhi-710798/Home,/stores/lenskart-com-kohat-enclave-pitampura-pitampura-delhi-406715/Home,/stores/lenskart-com-adarsh-nagar-adarsh-nagar-delhi-752141/Home,/stores/lenskart-com-paschim-vihar-paschim-vihar-new-delhi-569488/Home,/stores/lenskart-com-pacific-mall-tegore-garden-new-delhi-535369/Home,/stores/optometrist-sunglasses-mukherjee-nagar-new-delhi-61012/Home,/stores/lenskart-com-najafgarh-najafgarh-delhi-977315/Home,/stores/lenskart-com-nangloi-nangloi-new-delhi-250009/Home,/stores/lenskart-com-select-city-walk-saket-new-delhi-322551/Home,/stores/optometrist-sunglasses-kirti-nagar-new-delhi-61050/Home,/stores/lenskart-com-khanna-market-lodhi-colony-new-delhi-115083/Home,/stores/lenskart-com-sector-3-rohini-sector-3-rohini-delhi-738105/Home,/stores/lenskart-com-mahavir-enclave-mahavir-enclave-new-delhi-208453/Home,/stores/optometrist-sunglasses-rohini-sector-7-new-delhi-60843/Home,/stores/lenskart-com-sector-24-rohini-rohini-delhi-451130/Home,/stores/optometrist-sunglasses-mayur-vihar-new-delhi-60844/Home,/stores/optometrist-sunglasses-dwarka-sector-7-new-delhi-60845/Home,/stores/optometrist-sunglasses-lajpat-nagar-2-new-delhi-61054/Home,/stores/lenskart-com-burari-burari-village-delhi-144537/Home,/stores/lenskart-com-ramesh-nagar-ramesh-nagar-delhi-229931/Home,/stores/lenskart-com-malviya-nagar-malviya-nagar-new-delhi-454555/Home,/stores/optometrist-sunglasses-janakpuri-new-delhi-61062/Home,/stores/lenskart-com-karol-bagh-new-delhi-karol-bagh-new-delhi-828235/Home,/stores/optometrist-sunglasses-connaught-place-new-delhi-61063/Home,/stores/lenskart-com-sector-7-rohini-new-delhi-sector-7-rohini-new-delhi-64977/Home,/stores/lenskart-com-rajuori-garden-rajouri-garden-delhi-274524/Home,/stores/optometrist-sunglasses-dwarka-sector-12-new-delhi-61072/Home,/stores/lenskart-com-mayur-vihar-phase-ii-mayur-vihar-phase-ii-delhi-580814/Home,/stores/optometrist-sunglasses-alaknanda-market-new-delhi-60838/Home,/stores/lenskart-com-laxminagar-laxmi-nagar-delhi-688509/Home,/stores/lenskart-com-uttam-nagar-new-delhi-uttam-nagar-new-delhi-216275/Home,/stores/lenskart-com-dilshad-garden-dilshad-garden-delhi-541045/Home,/stores/lenskart-com-kailash-colony-kailash-colony-new-delhi-277720/Home,/stores/lenskart-com-janakpuri-c4e-janakpuri-new-delhi-51837/Home,/stores/lenskart-com-neb-sarai-neb-sarai-delhi-193152/Home,/stores/lenskart-com-bhajanpura-bhajanpura-new-delhi-715175/Home,/stores/lenskart-com-ashok-vihar-ashok-vihar-delhi-96467/Home
/stores/lenskart-com-sanquelim-sanquelim-goa-283974/Home,/stores/lenskart-com-flagship-store-mg-road-mg-road-panaji-panaji-536088/Home,/stores/lenskart-com-margao-aquem-margao-469267/Home,/stores/lenskart-com-margao-goa-ktc-bus-stand-margao-562882/Home,/stores/lenskart-com-khorlim-khorlim-mapusa-776201/Home,/stores/lenskart-com-candolim-calangute-goa-590972/Home,/stores/lenskart-com-westside-madgaon-gogal-margoa-272897/Home,/stores/lenskart-com-dabolim-dabolim-dabolim-206934/Home,/stores/lenskart-com-panaji-optometrists-st-inez-church-road-panaji-66300/Home,/stores/lenskart-com-mapusa-bata-municipal-market-mapusa-760613/Home
/stores/optometrist-sunglasses-new-cg-road-ahmedabad-61101/Home,/stores/lenskart-com-junagadh-gujarat-optometrists-sardar-bagh-junagadh-74123/Home,/stores/lenskart-com-jahangir-pura-jahangir-pura-surat-144660/Home,/stores/lenskart-com-maninagar-maninagar-ahmedabad-269989/Home,/stores/lenskart-com-naranpura-naranpura-ahmedabad-456820/Home,/stores/lenskart-com-sama-sama-vadodara-743283/Home,/stores/lenskart-com-waghodia-waghodia-vadodara-93638/Home,/stores/lenskart-com-sheetal-park-madhapar-madhapar-rajkot-968384/Home,/stores/lenskart-com-thaltej-thaltej-ahmedabad-482359/Home,/stores/lenskart-com-manjalpur-manjalpur-vadodara-64965/Home,/stores/lenskart-com-sarthana-nana-varachha-surat-803315/Home,/stores/optometrist-sunglasses-city-light-surat-61282/Home,/stores/lenskart-com-gandevi-road-navsari-gandevi-road-navsari-222067/Home,/stores/lenskart-com-valsad-abrama-valsad-634918/Home,/stores/lenskart-com-l-p-savani-adajan-surat-379787/Home,/stores/lenskart-com-anand-amul-dairy-road-anand-128039/Home,/stores/lenskart-com-himmatnagar-sahkari-jin-road-himmatnagar-238476/Home,/stores/lenskart-com-navrangpura-sabarmati-taluka-ahmedabad-499611/Home,/stores/lenskart-com-jamnagar-p-n-marg-jamnager-74924/Home,/stores/lenskart-com-waghawadi-road-waghawadi-road-bhavnagar-720389/Home,/stores/lenskart-com-nizampura-vadodara-nizampura-vadodara-800510/Home,/stores/lenskart-com-vr-mall-surat-optometrists-magdalla-surat-78289/Home,/stores/lenskart-com-nikol-ahmedabad-optometrists-bhakti-circle-ahmedabad-78291/Home,/stores/lenskart-com-valia-chokdi-gidc-anklesvar-355428/Home,/stores/optometrist-sunglasses-bopal-ahmedabad-60917/Home,/stores/lenskart-com-kalol-navjian-mill-compound-kalol-420734/Home,/stores/lenskart-com-shyamal-shyamal-ahmedabad-589299/Home,/stores/lenskart-com-bhayli-bhayli-road-vadodara-992901/Home,/stores/lenskart-com-anand-gujarat-optometrists-vidya-nagar-anand-80968/Home,/stores/lenskart-com-old-para-road-akshar-chowk-vadodara-77767/Home,/stores/optometrist-sunglasses-sola-ahmedabad-60929/Home,/stores/optometrist-sunglasses-memnagar-ahmedabad-60935/Home,/stores/lenskart-com-nadiad-college-road-nadiad-849964/Home,/stores/lenskart-com-chandkheda-iocl-road-ahmedabad-752451/Home,/stores/lenskart-com-ambawadi-ambawadi-ahmedabad-988345/Home,/stores/lenskart-com-maple-tree-ahmedabad-surdhara-circle-memnagar-ahmedabad-332450/Home,/stores/lenskart-com-vip-road-vesu-surat-724029/Home,/stores/lenskart-com-patan-haridarshan-complex-patan-788188/Home,/stores/optometrist-sunglasses-althan-surat-60961/Home,/stores/lenskart-com-supermall-2-infocity-gandhinagar-gandhinagar-848042/Home,/stores/optometrist-sunglasses-gunjan-vapi-61179/Home,/stores/lenskart-com-sadhuvasvani-road-sadhuvasvani-road-rajkot-2224/Home,/stores/lenskart-com-virat-nagar-nikol-ahmedabad-226190/Home,/stores/optometrist-sunglasses-prahlad-nagar-ahmedabad-61190/Home,/stores/lenskart-com-laxmi-enclave-katagram-katargam-surat-917095/Home,/stores/lenskart-com-vasna-road-vasna-road-vadodara-20511/Home,/stores/lenskart-com-sector-16-gandhinagar-sector-16-gandhinagar-208125/Home,/stores/lenskart-com-yagnik-road-sradar-nagar-rajkot-84331/Home,/stores/lenskart-com-bapunagar-bapunagar-ahmedabad-44517/Home,/stores/lenskart-com-ashram-road-ashram-road-ahmedabad-719032/Home,/stores/lenskart-com-maruti-solaris-mall-anand-sojitra-road-anand-549714/Home,/stores/lenskart-com-yogichowk-yogi-chowk-road-surat-368306/Home,/stores/optometrist-sunglasses-gorwa-road-vadodara-61005/Home,/stores/optometrist-sunglasses-gota-ahmedabad-61218/Home,/stores/lenskart-com-nava-naroda-nava-naroda-nikol-ahmedabad-884773/Home,/stores/lenskart-com-ranip-ranip-ahmedabad-197648/Home,/stores/lenskart-com-zadheshwar-road-ganeshpuri-society-zadeshwar-bharuch-447567/Home,/stores/lenskart-com-akota-akota-vadodara-830205/Home,/stores/lenskart-com-south-bopal-south-bopal-ahmedabad-591135/Home,/stores/lenskart-com-genda-circle-alkapuri-vadodara-186414/Home,/stores/lenskart-com-adajan-adajan-surat-467831/Home,/stores/lenskart-com-sindhubhavan-sindhubhavan-ahmedabad-509667/Home,/stores/lenskart-com-palanpur-palanpur-palanpur-985753/Home,/stores/lenskart-com-vastrapur-vastrapur-ahmedabad-943990/Home,/stores/lenskart-com-mehsana-radhanpur-panchot-mehsana-886853/Home,/stores/lenskart-com-ved-road-ved-road-surat-687346/Home,/stores/lenskart-com-ajwa-ajwa-road-vadodara-273242/Home,/stores/optometrist-sunglasses-station-road-navsari-61260/Home,/stores/lenskart-com-chala-road-vapi-chala-daman-road-surat-976102/Home,/stores/lenskart-com-athwa-bhatar-road-surat-491119/Home,/stores/lenskart-com-gold-coin-complex-jodhpur-char-rasta-ahmedabad-907846/Home,/stores/lenskart-com-bhuj-hospital-road-bhuj-900827/Home,/stores/lenskart-com-gandhinagar-pramukh-arcade-gandhinagar-729624/Home,/stores/lenskart-com-honey-park-adajan-surat-367966/Home,/stores/lenskart-com-parvat-patiya-dumbhal-surat-352620/Home,/stores/optometrist-sunglasses-alkapuri-vadodara-61189/Home,/stores/lenskart-com-kotecha-chowk-kalawad-road-rajkot-37641/Home,/stores/lenskart-com-alpha-one-mall-optometrists-alpha-one-mall-ahmedabad-64901/Home,/stores/lenskart-com-prahladnagar-prahladnagar-ahmedabad-455054/Home,/stores/lenskart-com-chanakyapuri-chanakyapuri-ahmedabad-500415/Home,/stores/lenskart-com-naroda-vasant-vihar-2-ahmedabad-865264/Home,/stores/lenskart-com-nanpura-nanpura-surat-202536/Home,/stores/lenskart-com-mota-varachha-mota-varachha-surat-198059/Home,/stores/lenskart-com-vastral-vastral-ahmedabad-785658/Home,/stores/lenskart-com-valsad-tithal-road-valsad-633662/Home,/stores/lenskart-com-phase-2-gidc-silvasa-vapi-456004/Home,/stores/optometrist-sunglasses-cg-road-ahmedabad-61074/Home,/stores/lenskart-com-karelibagh-pani-tanki-road-vadodara-407561/Home,/stores/lenskart-com-bharuch-station-road-bharuch-417676/Home,/stores/lenskart-com-gotri-sears-tower-sevasi-canel-vadodara-523348/Home,/stores/lenskart-com-mavdi-mavdi-rajkot-381473/Home,/stores/optometrist-sunglasses-maninagar-ahmedabad-61087/Home,/stores/lenskart-com-eva-mall-manjalpur-vadodara-850199/Home,/stores/lenskart-com-trikon-bagh-lohana-para-rajkot-41106/Home,/stores/lenskart-com-4d-square-mall-motera-motera-ahmedabad-627703/Home,/stores/lenskart-com-150-feet-ring-road-nanamava-circle-rajkot-718676/Home
/stores/lenskart-com-db-mall-racecourse-road-gwalior-719460/Home,/stores/lenskart-com-phoolbagh-phoolbagh-gwalior-227206/Home,/stores/lenskart-com-gwalior-patankar-bazaar-gwalior-322089/Home,/stores/lenskart-com-chetakpuri-chetakpuri-main-road-chetakpuri-903533/Home,/stores/lenskart-com-university-road-govindpuri-gwalior-828975/Home
/stores/lenskart-com-nit-1-nit-faridabad-430892/Home,/stores/lenskart-com-panchkula-sector-5-panchkula-578587/Home,/stores/optometrist-sunglasses-sector-15-gurgaon-60862/Home,/stores/lenskart-com-rohtak-delhi-road-rohtak-688505/Home,/stores/lenskart-com-sector-53-gurugram-sector-53-gurugram-297741/Home,/stores/optometrist-sunglasses-sushant-lok-1-gurgaon-60890/Home,/stores/lenskart-com-gandhi-nagar-chowk-sonipath-gandhi-nagar-chowk-sonipath-42326/Home,/stores/lenskart-com-sector-63-sector-63-gurugram-517124/Home,/stores/optometrist-sunglasses-adarsh-nagar-gurgaon-60915/Home,/stores/optometrist-sunglasses-new-industrial-town-faridabad-60923/Home,/stores/lenskart-com-sector-04-sector-04-gurugram-259681/Home,/stores/lenskart-com-urban-estate-urban-estate-ii-hisar-791040/Home,/stores/optometrist-sunglasses-sector-15-faridabad-60934/Home,/stores/lenskart-com-sapphire-mall-sector-90-gurugram-587884/Home,/stores/lenskart-com-eros-city-square-mall-sector-49-gurugram-513163/Home,/stores/optometrist-sunglasses-arjun-marg-sector-26-a-gurgaon-60944/Home,/stores/lenskart-com-subhash-nagar-subhash-chowk-sonipat-152860/Home,/stores/lenskart-com-ambala-cluster-yamuna-nagar-amabala-cluster-yamuna-nagar-652469/Home,/stores/optometrist-sunglasses-arcadia-sector-49-gurgaon-60954/Home,/stores/lenskart-com-imt-manesar-manesar-gurugram-276289/Home,/stores/lenskart-com-sector-14-rajeev-nagar-gurugram-33927/Home,/stores/lenskart-com-sector-11-panchkula-sector-11-panchkula-panchkula-553505/Home,/stores/lenskart-com-flagship-store-south-point-mall-golf-course-road-gurugram-101155/Home,/stores/lenskart-com-sector-79-omaxe-world-street-faridabad-510622/Home,/stores/lenskart-com-sector-10-sector-10-faridabad-405549/Home,/stores/lenskart-com-sector-68-sector-68-gurugram-420091/Home,/stores/lenskart-com-omaxe-city-centre-mall-sector-49-sector-49-sohna-road-gurugram-893713/Home,/stores/lenskart-com-nichelson-road-ambala-cantt-ambala-574894/Home,/stores/optometrist-sunglasses-ambedkar-chowk-karnal-61202/Home,/stores/optometrist-sunglasses-sector-20-panchkula-60995/Home,/stores/lenskart-com-sector-56-huda-market-sector-56-gurugram-866205/Home,/stores/lenskart-com-sector-46-gurugram-sector-46-gurugram-747663/Home,/stores/lenskart-com-kurukshetra-ambedkar-chowk-kurukshetra-996970/Home,/stores/lenskart-com-pinjore-pinjore-panchkula-23264/Home,/stores/optometrist-sunglasses-sector-35-faridabad-61034/Home,/stores/lenskart-com-ambala-model-town-road-ambala-837115/Home,/stores/optometrist-sunglasses-sector-50-gurgaon-61039/Home,/stores/lenskart-com-palwal-nagar-parishad-palwal-palwal-20906/Home,/stores/optometrist-sunglasses-ambience-mall-gurgaon-63990/Home,/stores/lenskart-com-bahadurgh-saini-market-bahadurgarh-576096/Home,/stores/lenskart-com-sector-37-sector-37-faridabad-300990/Home,/stores/lenskart-com-model-town-model-town-panipat-214998/Home,/stores/lenskart-com-sector-31-sector-31-faridabad-427960/Home,/stores/optometrist-sunglasses-mg-road-gurgaon-61067/Home,/stores/lenskart-com-sector-17-huda-market-gurugram-580607/Home,/stores/optometrists-sector-83-gurgaon-68117/Home,/stores/lenskart-com-sector-8-sector-8-panchkula-650306/Home,/stores/lenskart-com-reach-3-roads-sector-70-sector-70-gurugram-394349/Home,/stores/lenskart-com-mandi-dabwali-mandi-dabwali-sirsa-291834/Home,/stores/lenskart-com-sector-10a-sector-10a-gurugram-483138/Home,/stores/lenskart-com-old-railway-road-old-railway-road-gurugram-516289/Home,/stores/lenskart-com-charmswood-charmswood-village-faridabad-727340/Home
/stores/lenskart-com-pargana-dharampur-pargana-dharampur-baddi-663974/Home,/stores/lenskart-com-paonta-sahib-paonta-sahib-sirmaur-282207/Home,/stores/lenskart-com-nangal-road-una-nangal-road-una-153131/Home,/stores/lenskart-com-sundarnagar-bhojpur-sundarnagar-480324/Home,/stores/lenskart-com-palampur-palampur-palampur-836952/Home,/stores/lenskart-com-kangra-kangra-kangra-745621/Home,/stores/lenskart-com-mall-road-mall-road-solan-922816/Home
/stores/lenskart-com-himayat-nagar-himayath-nagar-hyderabad-556639/Home,/stores/lenskart-com-neredmet-neredmet-hyderabad-547823/Home,/stores/lenskart-com-vikrampuri-vikrampuri-hyderabad-499164/Home,/stores/lenskart-com-dsl-virtue-mall-optometrists-ida-uppal-hyderabad-77004/Home,/stores/lenskart-com-beeramguda-beeramguda-hyderabad-129742/Home,/stores/lenskart-com-flagship-store-at-vanasthalipuram-main-road-hyderabad-vanasthalipuram-hyderabad-647586/Home,/stores/optometrist-sunglasses-champapet-hyderabad-60870/Home,/stores/lenskart-com-lb-nagar-lb-nagar-hyderabad-505398/Home,/stores/lenskart-com-nagole-hyderabad-nagole-hyderabad-705388/Home,/stores/lenskart-com-kukatpally-kukatpally-hyderabad-103422/Home,/stores/lenskart-com-ecil-radhika-khushaiguda-hyderabad-838932/Home,/stores/optometrist-sunglasses-malakpet-hyderabad-60893/Home,/stores/optometrist-sunglasses-parklane-secunderabad-61300/Home,/stores/optometrist-sunglasses-new-nallakunta-hyderabad-60894/Home,/stores/lenskart-com-kondapur-2-chandanagar-hyderabad-565847/Home,/stores/optometrist-sunglasses-kukatpally-hyderabad-61301/Home,/stores/lenskart-com-west-marredpally-west-marredpally-hyderabad-444428/Home,/stores/lenskart-com-shivam-road-new-nallakunta-hyderabad-553082/Home,/stores/lenskart-com-shamshbad-shamshbad-hyderabad-981255/Home,/stores/optometrist-sunglasses-madhapur-hyderabad-61109/Home,/stores/optometrist-sunglasses-himayat-nagar-hyderabad-61116/Home,/stores/lenskart-com-sainikpuri-hyderabad-sainikpuri-hyderabad-794864/Home,/stores/optometrist-sunglasses-sanjeeva-reddy-nagar-hyderabad-61120/Home,/stores/lenskart-com-bn-reddy-nagar-omkar-nagar-hyderabad-801546/Home,/stores/lenskart-com-ameenpur-main-road-ameenpur-hyderabad-940137/Home,/stores/lenskart-com-mg-road-secunderabad-mg-road-hyderabad-120830/Home,/stores/lenskart-com-gachibowli-service-road-gachibowli-hyderabad-68674/Home,/stores/optometrist-sunglasses-tolichowki-hyderabad-61160/Home,/stores/lenskart-com-banjara-hills-banjara-hills-hyderabad-181995/Home,/stores/lenskart-com-somajiguda-somajiguda-hyderabad-21964/Home,/stores/lenskart-com-new-safilguda-safilguda-hyderabad-456267/Home,/stores/optometrist-sunglasses-malkajgiri-hyderabad-60956/Home,/stores/optometrist-sunglasses-attapur-hyderabad-60957/Home,/stores/lenskart-com-gudimalkapur-gudimalkapur-hyderabad-472353/Home,/stores/optometrist-sunglasses-kondapur-hyderabad-60964/Home,/stores/lenskart-com-pragati-nagar-pragati-nagar-hyderabad-573076/Home,/stores/lenskart-com-habsiguda-habsiguda-hyderabad-769513/Home,/stores/lenskart-com-financial-district-nanakramguda-hyderabad-867869/Home,/stores/lenskart-com-kaveri-hills-madhapur-rangareddy-dist-hyderabad-655966/Home,/stores/lenskart-com-patancheruvu-patancheruvu-hyderabad-328748/Home,/stores/optometrist-sunglasses-sriram-nagar-colony-k-v-rangareddy-61183/Home,/stores/optometrist-sunglasses-vanasthalipuram-hyderabad-61184/Home,/stores/lenskart-com-old-bowenpally-bowenpally-hyderabad-221647/Home,/stores/lenskart-com-suncity-suncity-hyderabad-198782/Home,/stores/lenskart-com-boduppal-boduppal-rangareddy-380445/Home,/stores/lenskart-com-tirumalagiri-tirumalagiri-hyderabad-635173/Home,/stores/lenskart-com-diamond-hills-gachibowli-hyderabad-799418/Home,/stores/lenskart-com-sd-road-secunderabad-sd-road-scunderabad-hyderabad-211523/Home,/stores/lenskart-com-punjagutta-panjagutta-hyderabad-508547/Home,/stores/lenskart-com-mallapur-mallapur-hyderabad-988841/Home,/stores/lenskart-com-yousufguda-yousufguda-hyderabad-501158/Home,/stores/lenskart-com-kokapet-kokapet-hyderabad-737167/Home,/stores/lenskart-com-nacharam-nacharam-hyderabad-906818/Home,/stores/lenskart-com-kushaiguda-kushaiguda-hyderabad-736669/Home,/stores/lenskart-com-kothapet-nagole-road-mohan-nagar-hyderabad-466125/Home,/stores/optometrist-sunglasses-gachibowli-hyderabad-61001/Home,/stores/lenskart-com-banjara-hills-banjara-hills-hyderabad-515952/Home,/stores/lenskart-com-new-kachiguda-kachiguda-hyderabad-116530/Home,/stores/optometrist-sunglasses-jubilee-hills-hyderabad-61007/Home,/stores/lenskart-com-narsingi-puppal-guda-hyderabad-348344/Home,/stores/lenskart-com-kharmanghat-ranga-reddy-hyderabad-387677/Home,/stores/lenskart-com-hydernagar-hydernagar-hyderabad-535289/Home,/stores/lenskart-com-malaysian-townshiop-ranga-reddy-district-hyderabad-666547/Home,/stores/lenskart-com-hmt-hills-pragathinagar-hmt-hills-hyderabad-848630/Home,/stores/lenskart-com-quthbullapur-quthbullapur-hyderabad-151600/Home,/stores/lenskart-com-gaddiannaram-gaddiannaram-hyderabad-542230/Home,/stores/lenskart-com-allwyn-colony-kukatpally-hyderabad-66458/Home,/stores/lenskart-com-new-friends-colony-new-friends-colony-hyderabad-279975/Home,/stores/lenskart-com-hyderguda-hyderguda-hyderabad-321158/Home,/stores/lenskart-com-kapra-kapra-hyderabad-242264/Home,/stores/lenskart-com-dilsukh-nagar-dilsukh-nagar-hyderabad-609748/Home,/stores/lenskart-com-vivekanada-nagar-vivekanada-nagar-hyderabad-816053/Home,/stores/lenskart-com-alwal-alwal-hyderabad-875335/Home,/stores/optometrist-sunglasses-manikonda-hyderabad-63989/Home,/stores/lenskart-com-nallagandla-nallagandle-hyderabad-888520/Home,/stores/lenskart-com-serilingampally-ranga-reddy-district-hyderabad-723593/Home,/stores/lenskart-com-kukatpally-2-optometrists-kphb-colony-hyderabad-64907/Home,/stores/optometrist-sunglasses-banjara-hills-hyderabad-61059/Home,/stores/lenskart-com-chanda-nagar-chanda-nagar-hyderabad-110914/Home,/stores/optometrists-miyapur-hyderabad-68119/Home,/stores/lenskart-com-puppalguda-shaikpet-puppalguda-hyderabad-501638/Home,/stores/lenskart-com-shantosh-nagar-shantosh-nagar-hyderabad-369497/Home,/stores/lenskart-com-himayath-nagar-himayath-nagar-hyderabad-112232/Home,/stores/lenskart-com-botanical-garden-botanical-garden-road-hyderabad-727068/Home,/stores/lenskart-com-madeenaguda-madeenaguda-hyderabad-9613/Home,/stores/lenskart-com-ramanthapur-ramanthapur-hyderabad-150489/Home,/stores/lenskart-com-chanda-nagar-bhel-bhel-hyderabad-836001/Home,/stores/lenskart-com-uppal-uppal-hyderabad-37335/Home,/stores/lenskart-com-idpl-chintal-main-road-idpl-chintal-main-road-hyderabad-355910/Home
/stores/lenskart-com-raghunath-bazaar-raghunath-bazaar-jammu-119552/Home,/stores/lenskart-com-kunjwani-kunjwani-jammu-259659/Home,/stores/lenskart-com-channi-channi-jammu-977377/Home,/stores/lenskart-com-janipur-jammu-disco-road-janipur-jammu-531996/Home,/stores/lenskart-com-rs-pura-jammu-rs-pura-jammu-353759/Home,/stores/optometrist-sunglasses-channi-rama-jammu-60996/Home,/stores/lenskart-com-talab-tillo-talab-tillo-jammu-599581/Home,/stores/lenskart-com-udhampur-udhampu-jammu-952490/Home,/stores/lenskart-com-srinagar-residency-residency-road-srinagar-897045/Home,/stores/lenskart-com-gandhinagar-jammu-jammu-650661/Home
/stores/lenskart-com-adityapur-adityapur-jamshedpur-783421/Home,/stores/lenskart-com-ramgarh-ramgarh-cantonment-ramgarh-316141/Home,/stores/lenskart-com-harmu-ranchi-optometrists-harmu-road-ranchi-76364/Home,/stores/lenskart-com-nilanchal-colony-nilanchal-colony-dhanbad-273349/Home,/stores/optometrist-sunglasses-h-b-road-ranchi-61284/Home,/stores/lenskart-com-bistupur-bistupur-jamshedpur-830753/Home,/stores/optometrist-sunglasses-sector-4-bokaro-61304/Home,/stores/lenskart-com-dimna-road-dimna-road-jamshedpur-346672/Home,/stores/lenskart-com-shyamganj-shyamganj-deoghar-896832/Home,/stores/optometrist-sunglasses-bank-more-dhanbad-61283/Home,/stores/lenskart-com-bariatu-bariatu-ranchi-767071/Home,/stores/lenskart-com-azad-nagar-road-no-1-azad-nagar-jamshedpur-786820/Home,/stores/lenskart-com-mall-of-ranchi-ratu-road-ranchi-455932/Home,/stores/lenskart-com-sakchi-optometrists-new-kalimati-road-jamshedpur-64903/Home,/stores/lenskart-com-bokaro-chas-p-s-chas-bokaro-821594/Home,/stores/lenskart-com-main-road-ranchi-main-road-ranchi-644139/Home,/stores/optometrist-sunglasses-lalpur-ranchi-61028/Home,/stores/lenskart-com-cmpf-colony-cmpf-colony-dhanbad-779776/Home,/stores/lenskart-com-kanke-road-chandni-chowk-ranchi-246614/Home,/stores/optometrist-sunglasses-jugsulai-jamshedpur-61305/Home,/stores/lenskart-com-hazaribagh-guru-gobind-singh-road-hazaribagh-152407/Home,/stores/lenskart-com-kadma-jamshedpur-kadma-jamshedpur-730773/Home,/stores/lenskart-com-puruliya-road-puruliya-road-ranchi-662942/Home
/stores/lenskart-com-nri-layout-ramamurthy-nagar-bengaluru-723869/Home,/stores/lenskart-com-thammenahalli-dassarahalli-bengaluru-652781/Home,/stores/optometrist-sunglasses-kengeri-satellite-bangalore-rural-60850/Home,/stores/optometrist-sunglasses-kumarswamy-layout-bangalore-60851/Home,/stores/optometrist-sunglasses-mg-road-mangalore-61102/Home,/stores/optometrist-sunglasses-uttarahalli-main-rd-bangalore-60852/Home,/stores/lenskart-com-keshwapur-keshwapur-hubballi-943195/Home,/stores/optometrist-sunglasses-nagarbhavi-circle-bangalore-60853/Home,/stores/lenskart-com-koramangala-flagship-optometrists-koramangala-bengaluru-76365/Home,/stores/lenskart-com-mandya-optometrists-ashok-nagar-mandya-77743/Home,/stores/lenskart-com-jalanagar-jalanagar-bijapur-809680/Home,/stores/optometrist-sunglasses-srinivas-nagar-bangalore-61261/Home,/stores/lenskart-com-court-road-gulbarga-gulbarga-court-road-gulbarga-121210/Home,/stores/lenskart-com-sedam-road-gulbarga-sedam-road-gulbarga-478364/Home,/stores/optometrist-sunglasses-agara-bangalore-61277/Home,/stores/lenskart-com-sirsi-hospet-road-uttara-kannada-sirsi-631357/Home,/stores/lenskart-com-rajaji-nagar-19th-main-road-rajaji-nagar-bengaluru-707784/Home,/stores/optometrist-sunglasses-malleshwaram-bangalore-61281/Home,/stores/lenskart-com-4th-block-jayanagar-jayanagar-bengaluru-476695/Home,/stores/optometrist-sunglasses-konena-agrahara-bangalore-60881/Home,/stores/optometrist-sunglasses-kundanahalli-bangalore-60882/Home,/stores/lenskart-com-doddaballapur-bengaluru-doddaballapur-bengaluru-65077/Home,/stores/optometrist-sunglasses-new-tippasandra-sector-11-bangalore-60884/Home,/stores/lenskart-com-chansandra-chansandra-bengaluru-409995/Home,/stores/lenskart-com-khade-bazar-khade-bazar-belgavi-617968/Home,/stores/optometrist-sunglasses-ramamurthy-nagar-bangalore-61290/Home,/stores/optometrist-sunglasses-rajajinagar-bangalore-60885/Home,/stores/lenskart-com-ullal-road-ullal-main-road-bangaluru-272973/Home,/stores/optometrist-sunglasses-indira-nagar-bangalore-61291/Home,/stores/optometrist-sunglasses-jalahalli-bangalore-60887/Home,/stores/lenskart-com-thubarahalli-whitefield-whitefield-bengaluru-617093/Home,/stores/lenskart-com-deralakatta-road-ullal-mangaluru-deralakatta-road-mangaluru-261288/Home,/stores/lenskart-com-manipal-syndicate-circle-manipal-manipal-573514/Home,/stores/optometrist-sunglasses-urs-road-mysore-61104/Home,/stores/lenskart-com-maruthi-sevanagar-kammanahalli-bengaluru-952146/Home,/stores/lenskart-com-vidyaranyapura2-vidyaranyapura-bengaluru-430078/Home,/stores/lenskart-com-garuda-mall-optometrists-ashok-nagar-bengaluru-78162/Home,/stores/lenskart-com-marenhalli-road-marenahalli-road-bengaluru-199153/Home,/stores/lenskart-com-siddhartha-layout-dr.-rajkumar-road-mysuru-316714/Home,/stores/lenskart-com-begur-main-raod-hongasandra-bengaluru-528144/Home,/stores/lenskart-com-mantri-mall-malleswaram-malleswaram-bengaluru-910835/Home,/stores/lenskart-com-mudhol-mudhol-mudhol-78304/Home,/stores/optometrist-sunglasses-cv-raman-nagar-bangalore-60910/Home,/stores/lenskart-com-rk-hegde-nagar-rk-hegde-nagar-bangaluru-861553/Home,/stores/lenskart-com-kaggadasapura-cv-raman-nagar-bengaluru-793760/Home,/stores/optometrist-sunglasses-kuvempu-nagar-bangalore-60911/Home,/stores/lenskart-com-horamavu-horamavu-bengaluru-209142/Home,/stores/lenskart-com-sindhanur-sindhanur-raichur-290455/Home,/stores/lenskart-com-malleshpalya-malleshpalya-bengaluru-929738/Home,/stores/lenskart-com-konanakunte-konanakunte-bengaluru-762497/Home,/stores/lenskart-com-koramangala-5th-block-koramangala-bengaluru-415276/Home,/stores/lenskart-com-dharwad-optometrists-court-circle-dharward-78380/Home,/stores/lenskart-com-jakkur-jakkur-arkavathy-layout-bengaluru-284563/Home,/stores/lenskart-com-lulu-global-mall-rajajinagar-bengaluru-533369/Home,/stores/lenskart-com-anekal-anekal-town-bengaluru-951466/Home,/stores/optometrist-sunglasses-jp-nagar-bangalore-61128/Home,/stores/lenskart-com-nagadevanahalli-nagadevanahalli-bangaluru-943503/Home,/stores/optometrist-sunglasses-marathahalli-bangalore-61129/Home,/stores/optometrist-sunglasses-chikkamaranahalli-bangalore-61130/Home,/stores/lenskart-com-mudalapalya-mudalapalya-bengaluru-684352/Home,/stores/lenskart-com-sit-tumakuru-sit-main-road-tumakuru-746790/Home,/stores/optometrist-sunglasses-vidyaranyapura-road-bangalore-61138/Home,/stores/lenskart-com-hsr-layout-hsr-layout-bengaluru-43992/Home,/stores/optometrist-sunglasses-ayodhya-nagar-belgaum-61141/Home,/stores/lenskart-com-sarjapur-main-road-sarjapur-bengaluru-918441/Home,/stores/optometrist-sunglasses-basavanagudi-bangalore-61144/Home,/stores/lenskart-com-babusapalya-hennur-gardens-bengaluru-268431/Home,/stores/lenskart-com-kasturi-nagar-kasturi-nagar-bengaluru-890599/Home,/stores/lenskart-com-udupi-court-road-udupi-53953/Home,/stores/optometrist-sunglasses-sanjay-nagar-bangalore-60941/Home,/stores/lenskart-com-yeshwanthpur-yeswanthpur-bengaluru-484343/Home,/stores/lenskart-com-rajarajeshwari-nagar-rajarajeshwari-nagar-bengaluru-619333/Home,/stores/lenskart-com-kaikondahalli-kaikondrahalli-bengaluru-146152/Home,/stores/optometrist-sunglasses-general-cariyappa-rd-tumkur-61156/Home,/stores/lenskart-com-mathikere-mathikere-bengaluru-635688/Home,/stores/lenskart-com-cmh-road-indira-nagar-1st-stage-bengaluru-316033/Home,/stores/lenskart-com-sarjapur-natura-walk-anekal-taluk-bengaluru-985646/Home,/stores/lenskart-com-hanuman-circle-tenkapet-tenkapet-udupi-686255/Home,/stores/lenskart-com-cox-town-doddakunte-circle-cox-town-bangaluru-603952/Home,/stores/optometrist-sunglasses-rajaji-nagar-bangalore-60951/Home,/stores/lenskart-com-vijayanagar-vijayanagar-bengaluru-861860/Home,/stores/lenskart-com-hosa-road-hosa-road-bengaluru-85014/Home,/stores/lenskart-com-vijay-nagar-mysuru-vijay-nagar-mysuru-528662/Home,/stores/optometrist-sunglasses-vidyarthi-bhavan-circle-davangare-61163/Home,/stores/lenskart-com-hsr-layout-24th-main-hsr-layout-bengaluru-357997/Home,/stores/optometrist-sunglasses-thanisandra-bangalore-60959/Home,/stores/optometrist-sunglasses-hesarghatta-main-road-bangalore-60960/Home,/stores/lenskart-com-jp-nagar-kothanur-kothanur-bengaluru-31905/Home,/stores/lenskart-com-bagalkot-railway-station-road-bagalkot-838823/Home,/stores/lenskart-com-vidya-nagar-vidya-nagar-hubballi-302024/Home,/stores/lenskart-com-marathalli-marathahalli-bengaluru-12363/Home,/stores/lenskart-com-sahakarnagar-sahakarnagar-bengaluru-583941/Home,/stores/lenskart-com-surathkal-surathkal-mangaluru-577400/Home,/stores/optometrist-sunglasses-savalanga-road-shimoga-61171/Home,/stores/lenskart-com-hennur-hennur-bengaluru-297687/Home,/stores/optometrist-sunglasses-chandra-layout-bangalore-60966/Home,/stores/optometrist-sunglasses-rajarajeshwari-nagar-bangalore-60968/Home,/stores/lenskart-com-rt-nagar-rt-nagar-bengaluru-460847/Home,/stores/lenskart-com-rns-road-opposite-giant-school-hubli-813907/Home,/stores/optometrist-sunglasses-hyder-ali-road-mysore-60974/Home,/stores/lenskart-com-varthur-varthur-village-bengaluru-191327/Home,/stores/lenskart-com-banashakari-banashankari-bengaluru-206683/Home,/stores/lenskart-com-kothanur-kothanur-bengaluru-800071/Home,/stores/lenskart-com-harlur-main-road-harlur-main-road-bengaluru-141137/Home,/stores/lenskart-com-hsr-27th-main-road-hsr-layout-bengaluru-652628/Home,/stores/lenskart-com-coles-road-pulikeshi-nagar-bengaluru-300245/Home,/stores/lenskart-com-vidya-nagar-vidya-nagar-hubli-81449/Home,/stores/lenskart-com-reva-college-sathanur-sathanur-bengaluru-420251/Home,/stores/optometrist-sunglasses-malleshwaram-west-bangalore-60984/Home,/stores/lenskart-com-balagere-balagera-bengaluru-235609/Home,/stores/lenskart-com-varthur-seegahalli-bengaluru-517571/Home,/stores/optometrist-sunglasses-brestwarpet-raichur-61198/Home,/stores/lenskart-com-nelamangala-nelmangala-bengaluru-146261/Home,/stores/lenskart-com-gokak-hospet-galli-gokak-842287/Home,/stores/lenskart-com-kolar-mg-road-kolar-962390/Home,/stores/optometrist-sunglasses-k-r-puram-bangalore-60992/Home,/stores/lenskart-com-mall-of-mysore-nazarbad-mohalla-mysuru-865616/Home,/stores/optometrist-sunglasses-indiranagar-bangalore-60999/Home,/stores/optometrist-sunglasses-infantery-road-bellary-61216/Home,/stores/lenskart-com-rr-nagar-rajarajeshwari-nagar-bengaluru-691923/Home,/stores/lenskart-com-ballari-parvathi-nagar-ballari-465081/Home,/stores/optometrist-sunglasses-kovempu-nagar-gulbarga-61223/Home,/stores/optometrist-sunglasses-banaswadi-bangalore-61010/Home,/stores/lenskart-com-heggannahalli-heggannahalli-bengaluru-629191/Home,/stores/lenskart-com-bhartiya-city-mall-chhokkanahalli-village-bengaluru-161143/Home,/stores/optometrist-sunglasses-bannerghatta-main-road-bangalore-61013/Home,/stores/lenskart-com-ramamurthy-nagar-ramamurthy-nagar-bengaluru-659037/Home,/stores/lenskart-com-ganga-nagar-hebbal-bengaluru-989268/Home,/stores/lenskart-com-jigani-jigani-industrial-bengaluru-63039/Home,/stores/optometrist-sunglasses-ambedkar-colony-bangalore-61019/Home,/stores/lenskart-com-singasandra-singasandra-bengaluru-749117/Home,/stores/optometrist-sunglasses-sector-7-bangalore-61020/Home,/stores/lenskart-com-jp-nagar-jp-nagar-mysuru-462436/Home,/stores/optometrist-sunglasses-doddakannahalli-bangalore-61021/Home,/stores/lenskart-com-jaya-nagar-east-east-jayanagar-bengaluru-168974/Home,/stores/lenskart-com-udgir-road-udgir-road-bidar-572919/Home,/stores/optometrist-sunglasses-tilakwadi-belgaum-61236/Home,/stores/lenskart-com-bhuvaneswari-nagar-hebbal-bhuvaneshwari-nagar-hebbal-bengaluru-920576/Home,/stores/lenskart-com-bagalur-bagalur-main-road-bengaluru-929458/Home,/stores/lenskart-com-davanagere-davanagere-davanagere-246477/Home,/stores/optometrist-sunglasses-koppikar-road-hubli-61241/Home,/stores/lenskart-com-wilson-garden-road-wilson-garden-bengaluru-54636/Home,/stores/lenskart-com-maruthi-nagar-btm-layout-bengaluru-972606/Home,/stores/lenskart-com-kr-puram-kr-puram-hassan-957360/Home,/stores/lenskart-com-basaveshwara-nagar-basaveshwaranagar-main-road-bengaluru-147314/Home,/stores/optometrist-sunglasses-hoodi-bangalore-61033/Home,/stores/lenskart-com-dharwad-shivananda-nagar-dharwad-718304/Home,/stores/lenskart-com-jp-nagar-8th-phase-jp-nagar-bengaluru-438205/Home,/stores/lenskart-com-ayyapanagar-ayyappa-nagar-bengaluru-985530/Home,/stores/lenskart-com-nehru-nagar-nehru-nagar-belagavi-778349/Home,/stores/optometrist-sunglasses-gaurav-nagar-bangalore-61037/Home,/stores/lenskart-com-sultanpalya-rt-nagar-bengaluru-796628/Home,/stores/optometrist-sunglasses-new-kantharaja-urs-rd-mysore-61252/Home,/stores/optometrist-sunglasses-sharan-nagar-bijapur-61253/Home,/stores/lenskart-com-magadi-road-rajajinagar-bengaluru-542343/Home,/stores/lenskart-com-mallathalli-mallathalli-bengaluru-826133/Home,/stores/lenskart-com-devanahalli-devanahalli-town-bengaluru-5331/Home,/stores/lenskart-com-gorrepalya-gorrepalya-bengaluru-739841/Home,/stores/optometrist-sunglasses-banashankari-bangalore-61046/Home,/stores/lenskart-com-andrahalli-andrahalli-bengaluru-544140/Home,/stores/lenskart-com-new-bel-road-new-bel-road-bengaluru-776433/Home,/stores/lenskart-com-btm-layout-btm-layout-bengaluru-838717/Home,/stores/lenskart-com-kathreguppe-banashankari-bengaluru-197749/Home,/stores/lenskart-com-saraswathipuram-saraswathipuram-mysuru-195950/Home,/stores/lenskart-com-gangavathi-bus-stand-road-gangavathi-234683/Home,/stores/lenskart-com-malleshwaram-malleshwaram-bengaluru-256975/Home,/stores/optometrist-sunglasses-kamnahali-bangalore-60837/Home,/stores/lenskart-com-ayyappa-nagar-ayyappa-nagar-bengaluru-915876/Home,/stores/lenskart-com-saptapur-road-saptapur-road-dharwad-102935/Home,/stores/optometrist-sunglasses-kasavanahalli-sarjapur-store-bangalore-63810/Home,/stores/lenskart-com-kengeri-satellite-2-railway-station-road-bengaluru-208574/Home,/stores/lenskart-com-udupi-optometrists-kunjibettu-udupi-66292/Home,/stores/lenskart-com-vijayanagar-rpc-layout-vijay-nagar-bengaluru-360374/Home,/stores/lenskart-com-station-road-hubli-city-hubli-812692/Home,/stores/lenskart-com-electronic-city-optometrists-electronic-city-phase-1-bengaluru-66294/Home,/stores/optometrist-sunglasses-hulimavu-bangalore-63987/Home,/stores/lenskart-com-brigade-orion-uptown-mall-hobli-bengaluru-220316/Home,/stores/lenskart-com-hospet-hospet-hospet-806533/Home,/stores/lenskart-com-sahakar-nagar-byatarayanapura-bengaluru-667876/Home,/stores/optometrist-sunglasses-bilekahalli-bangalore-63991/Home,/stores/lenskart-com-bommanahalli-optometrists-garebhavi-palya-bengaluru-66298/Home,/stores/lenskart-com-station-road-hubli-city-hubli-407432/Home,/stores/lenskart-com-bh-road-shivamogga-bh-road-shivamogga-557223/Home,/stores/lenskart-com-hanumantha-nagar-avalahalli-bengaluru-561229/Home,/stores/optometrist-sunglasses-mahadevapura-bangalore-61064/Home,/stores/lenskart-com-annapurneshwari-nagar-annapurneshwari-nagar-bengaluru-534787/Home,/stores/lenskart-com-bejai-road-bejai-road-mangalore-432921/Home,/stores/lenskart-com-channasandra-channasandra-main-road-bengaluru-572738/Home,/stores/lenskart-com-jp-nagar-jp-nagar-bengaluru-309900/Home,/stores/lenskart-com-kalidasa-road-optometrists-kalidasa-road-mysuru-67070/Home,/stores/lenskart-com-flagship-store-at-indiranagar-100-ft-road-indiranagar-100ft-road-bengaluru-142531/Home,/stores/lenskart-com-kanakapura-road-optometrists-kanakpura-road-bengaluru-67073/Home,/stores/lenskart-com-prestige-falcon-city-mall-konanakunte-bengaluru-277244/Home,/stores/lenskart-com-navanagar-hubli-navananagar-hubli-683496/Home,/stores/lenskart-com-new-bellandur-new-bellandur-bengaluru-743895/Home,/stores/lenskart-com-kankanady-kankanady-mangalore-442876/Home,/stores/lenskart-forum-neighbourhood-mall-optometrists-whitefield-bengaluru-68733/Home,/stores/lenskart-com-belagavi-tilakwadi-khanapur-road-belagavi-990126/Home,/stores/lenskart-com-yelahanka-yelahanka-bengaluru-420174/Home,/stores/lenskart-com-hampankatta-hampankatta-mangaluru-968391/Home,/stores/lenskart-com-nagawara-nagawara-bengaluru-790603/Home,/stores/lenskart-com-chamundipuram-chamundipuram-circle-mysuru-543538/Home,/stores/lenskart-com-kanakapura-raghuvanahalli-bengaluru-77623/Home,/stores/lenskart-com-nagarbhavi-80ft-road-nagarbhavi-bengaluru-286809/Home,/stores/optometrist-sunglasses-whitefield-bangalore-61085/Home,/stores/lenskart-forum-fizza-mall-optometrists-pandeshwar-mangaluru-69237/Home,/stores/lenskart-com-chikmagalur-chikkolale-chikmagalur-45914/Home,/stores/lenskart-com-basaweshwar-nagar-basaweshwara-nagar-bengaluru-683520/Home,/stores/lenskart-com-varthur-road-optometrists-ramagondanahalli-bengaluru-72953/Home,/stores/lenskart-com-anathanagar-optometrists-electronic-city-phase-2-bengaluru-74431/Home,/stores/lenskart-com-vijay-nagar-hebbal-mysuru-355567/Home,/stores/lenskart-com-hoodi-hoodi-bengaluru-716040/Home,/stores/lenskart-com-dattagalli-mahamane-circle-mysuru-111071/Home
